epoch,train_loss,val_loss,val_accuracy,test_accuracy
1,3.0283489724000296,2.548722565174103,0.21568627450980393,0.20580474934036938
