epoch,train_loss,val_loss,val_accuracy,test_accuracy
1,2.217554091455456,1.974253284079688,0.37366946778711485,0.32906143987938186
