epoch,train_loss,val_loss,val_accuracy,test_accuracy
1,2.917867812845442,2.4744266271591187,0.30980392156862746,0.45910290237467016
