epoch,train_loss,val_loss,val_accuracy,test_accuracy
1,3.108357548713684,2.7145059406757355,0.1568627450980392,0.11609498680738786
