epoch,train_loss,val_loss,val_accuracy,test_accuracy
1,3.007616834508048,2.585001140832901,0.1803921568627451,0.23746701846965698
